{"cameraMode":{"drawMode":0,"name":"Shaded","section":"Shading Mode"},"sceneLighting":true,"audioPlay":false,"sceneViewState":{"m_AlwaysRefresh":false,"showFog":true,"showSkybox":true,"showFlares":true,"showImageEffects":true,"showParticleSystems":true,"showVisualEffectGraphs":true,"m_FxEnabled":true},"in2DMode":false,"pivot":{"x":-2.9471018314361574,"y":4.351827621459961,"z":-2.1770687103271486},"rotation":{"x":0.03444129601120949,"y":0.908646285533905,"z":-0.07650631666183472,"w":0.40905052423477175},"size":8.442276954650879,"orthographic":true}