{"cameraMode":{"drawMode":0,"name":"Shaded","section":"Shading Mode"},"sceneLighting":true,"audioPlay":false,"sceneViewState":{"m_AlwaysRefresh":false,"showFog":true,"showSkybox":true,"showFlares":true,"showImageEffects":true,"showParticleSystems":true,"showVisualEffectGraphs":true,"m_FxEnabled":true},"in2DMode":false,"pivot":{"x":-1.550554871559143,"y":1.2953214645385743,"z":0.018346719443798066},"rotation":{"x":0.1361042559146881,"y":0.5914819836616516,"z":-0.10214091837406159,"w":0.7881577014923096},"size":3.502041816711426,"orthographic":true}